#number of hit, misses and time stayed in Cache for every file
#project: 1, cachesize: 500, blocksize: 500, prefetchsize: 600, cache replacement policy: LRU
file_id,loc,num_load,num_hits,num_misses,duration
0,0,0,0,0,7276992
3070,19,1,0,0,3136894
3069,236,1,1,0,3147456
3063,48,1,2,0,3199051
3062,521,1,5,0,3228047
3061,69,1,2,0,3245982
3060,269,1,6,0,3246576
3059,152,1,3,0,3246576
3058,48,1,2,0,3249521
3056,101,1,1,0,3350686
3055,45,1,0,0,3350686
3054,62,1,0,0,3350686
3053,227,1,4,0,3350686
3052,186,1,2,0,3379317
3051,164,1,1,0,3379317
3050,67,1,1,0,3379317
3049,85,1,1,0,3379317
3047,79,1,3,0,3428857
3046,476,1,4,0,3459999
3045,1223,1,7,0,3459999
3044,62,1,1,0,3482179
3043,31,1,1,0,3543303
3042,162,1,3,0,3565799
3039,358,1,4,0,3609746
3038,31,1,0,0,3626791
3037,33,1,0,0,3626791
3036,36,1,0,0,3626791
3035,198,1,1,0,3626791
3034,228,1,1,0,3627046
3033,36,1,0,0,3627046
3029,658,1,9,0,3635406
3028,37,1,0,0,3635406
3027,6712,1,63,0,3635406
3026,369,1,2,0,3635406
3025,31,1,1,0,3635406
3024,43,1,1,0,3635406
3023,428,1,3,0,3635406
3021,33,1,1,0,3639750
3020,38,1,1,0,3640466
3019,225,1,1,0,3645459
3017,146,1,2,0,3655870
3014,290,1,4,0,3658873
3013,155,1,2,0,3662507
3007,281,1,0,0,3688576
3006,56,1,1,0,3688576
3005,92,1,0,0,3688576
3000,194,1,0,0,3753062
2998,693,1,0,0,3760631
2997,279,1,0,0,3129146
2996,256,1,0,0,3129146
2995,60,1,0,0,3572013
2994,273,1,0,0,3129146
2993,1766,1,0,0,3085519
2992,287,1,0,0,3129146
2991,950,1,1,0,3760631
2990,126,1,0,0,3129146
2989,281,1,0,0,3129146
2985,95,1,0,0,3238628
2984,38,1,0,0,3729192
2983,575,1,0,0,3129146
2982,887,1,0,0,3129146
2981,196,1,1,0,3760631
2978,233,1,0,0,3129146
2974,186,1,7,0,3763714
2968,2,1,1,0,3766675
2964,2,1,2,0,3766675
2957,204,1,0,0,2798286
2956,442,1,0,0,2798286
2955,64,1,0,0,2820130
2954,1480,1,0,0,2684592
2953,71,1,0,0,2816992
2952,188,1,0,0,2798286
2951,337,1,0,0,2798286
2949,9,1,0,0,2869042
2948,6,1,0,0,3018254
2947,9,1,0,0,2869042
2946,4,1,0,0,3088717
2945,7,1,0,0,3018214
2944,5,1,0,0,3018254
2943,8,1,0,0,2869042
2942,7,1,0,0,3009897
2941,5,1,0,0,3088717
2940,5,1,0,0,3088717
2939,6,1,0,0,3018254
2938,5,1,0,0,3082357
2937,5,1,0,0,3070883
2936,7,1,0,0,3018214
2935,8,1,0,0,2923551
2934,5,1,0,0,3021784
2933,7,1,0,0,3018214
2932,9,1,0,0,2869042
2931,5,1,0,0,3020376
2930,8,1,0,0,2923551
2929,10,1,0,0,2869042
2928,15,1,0,0,2861161
2927,11,1,0,0,2861161
2926,8,1,0,0,2869042
2921,354,1,0,0,3766675
2920,94,1,0,0,3766675
2919,155,1,0,0,2816992
2918,167,1,0,0,2805411
2917,355,1,0,0,2798286
2916,62,1,0,0,2821068
2915,468,1,0,0,2711424
2911,32,1,0,0,3766695
2908,765,1,14,0,3780787
2907,242,1,6,0,3780787
2906,51,1,1,0,3785067
2905,68,1,0,0,3788208
2904,249,1,11,0,3788208
2903,230,1,9,0,3811968
2898,118,1,2,0,3951785
2896,66,1,2,0,3998322
2890,142,1,4,0,4049830
2888,40,1,1,0,1184517
2887,115,1,0,0,677386
2886,411,1,0,0,652937
2883,99,1,0,0,583388
2882,74,1,0,0,584867
2881,41,1,0,0,584867
2880,259,1,0,0,555131
2879,334,1,0,0,516944
2878,165,1,0,0,560891
2877,134,1,0,0,528942
2876,77,1,0,0,520582
2875,402,1,0,0,528942
2873,182,2,0,1,4188752
2872,33,2,0,0,1450016
2871,247,2,0,1,4183125
2870,57,2,0,0,1200408
2869,34,2,0,0,1196750
2868,242,1,3,0,4278735
2867,56,2,0,1,2597134
2866,2995,1,42,0,4291546
2865,150,1,0,0,4291546
2864,139,2,0,0,4176439
2862,40,2,1,0,4333728
2859,162,1,7,0,4493577
2858,91,1,8,0,4493577
2857,90,2,2,1,2446549
2856,49,1,4,0,4493577
2855,221,1,8,0,4493577
2854,167,1,5,0,4493577
2853,168,1,4,0,4493577
2852,163,1,2,0,4495134
2851,252,1,14,0,4497904
2850,395,1,7,0,4497904
2849,124,1,3,0,4497904
2848,122,1,5,0,4497904
2847,483,1,4,0,4505225
2845,592,1,5,0,4527961
2844,317,1,2,0,4527961
2843,462,2,2,0,4026753
2842,486,2,0,0,3894337
2841,438,1,12,0,4529211
2840,139,2,2,0,4404209
2839,534,2,4,0,4404209
2838,213,2,5,0,4404209
2837,37,2,1,1,4027155
2836,112,2,1,0,4428796
2835,32,2,0,0,1527052
2831,158,1,3,0,4724989
2830,433,1,2,0,4725565
2829,56,2,0,0,1592935
2828,203,2,0,0,1592935
2827,195,1,7,0,4728125
2826,370,2,3,1,4417199
2825,205,2,2,0,3603805
2824,61,1,0,0,964464
2823,452,1,8,0,4731139
2822,302,2,1,1,2979209
2821,505,1,17,0,4731167
2820,97,1,2,0,4731167
2819,916,1,0,0,964539
2818,322,1,0,0,964539
2805,71,1,0,0,1031768
2804,57,1,0,0,1031768
2778,252,2,5,1,3603080
2765,693,1,0,0,1253912
2764,279,1,0,0,1259803
2763,256,1,0,0,1278827
2762,60,1,0,0,1302587
2761,273,1,0,0,1278827
2760,1766,1,0,0,1200898
2759,287,1,0,0,1253912
2758,950,1,0,0,1200898
2757,126,1,0,0,1302587
2756,281,1,0,0,1259803
2754,116,2,0,0,4207711
2753,530,2,0,0,4093252
2752,215,2,0,0,4738491
2751,106,1,0,0,1092474
2750,1138,2,1,0,5063220
2749,316,2,0,0,4093252
2748,54,1,0,0,1148355
2747,54,1,0,0,1148355
2714,134,2,1,0,2208546
2713,425,1,6,0,5249215
2712,150,2,0,1,4048668
2709,5,1,0,0,811585
2703,76,1,0,0,799562
2702,86,2,0,1,3591414
2701,195,1,0,0,783466
2700,89,2,0,0,4628242
2699,64,1,0,0,799562
2698,201,2,0,1,3575318
2697,309,1,0,0,603207
2696,52,1,0,0,800812
2695,57,2,0,1,3592664
2694,107,2,0,0,4036041
2693,104,1,0,0,1376894
2691,239,2,4,0,5230480
2689,223,1,18,0,5370107
2687,589,1,29,0,5370478
2676,318,2,3,0,3830708
2675,58,2,0,0,4306496
2674,271,1,17,0,5400684
2672,103,3,0,1,4218413
2669,284,2,2,0,4373848
2668,205,2,1,1,4136724
2664,72,1,0,0,394648
2663,92,2,0,1,3691997
2662,69,3,0,1,2144958
2661,212,2,2,0,3367300
2660,52,2,0,0,3037028
2659,160,3,0,2,3784164
2655,69,2,1,0,5318351
2654,108,3,0,1,2094214
2653,67,2,0,0,1563677
2652,144,2,4,1,5028021
2651,2039,1,45,0,5442694
2649,8,1,0,0,219887
2648,414,2,8,1,5435528
2647,161,2,1,0,4144097
2646,64,1,0,0,301079
2644,473,2,4,1,5425429
2643,667,2,21,1,5436896
2642,287,2,19,0,4473481
2640,440,2,3,0,5236000
2639,41,2,0,0,952921
2637,179,1,28,0,5481235
2633,996,1,80,0,5492995
2632,15,1,0,0,170145
2631,155,2,1,0,3958353
2630,206,2,3,0,4328514
2629,403,2,5,0,4797811
2628,1438,1,37,0,5499036
2627,1369,1,26,0,5499036
2626,39,2,2,0,3999741
2625,379,1,15,0,5502602
2624,547,2,8,0,5491165
2623,133,3,3,0,2848110
2622,581,2,9,1,5121302
2621,6,2,0,1,3244534
2610,329,1,0,0,206001
2609,517,2,0,1,1117718
2608,421,1,0,0,191287
2607,728,1,0,0,182955
2606,483,1,0,0,191287
2605,41,1,0,0,206001
2604,112,1,0,0,206001
2603,2020,1,0,0,174597
2602,953,2,0,1,3746157
2601,84,1,0,0,206001
2595,123,2,2,0,3933289
2593,334,1,1,0,474998
2587,137,2,1,0,929647
2580,143,1,0,0,189870
2579,63,1,0,0,189870
2563,587,3,7,0,5340035
2562,56,1,0,0,381406
2561,73,1,0,0,280599
2559,111,3,1,2,4041731
2558,108,1,0,0,285254
2557,106,1,0,0,285254
2556,172,1,0,0,285132
2555,103,1,1,0,760507
2554,101,2,1,1,1829833
2552,580,1,13,0,5752275
2551,492,1,12,0,5752275
2550,300,2,3,0,4484732
2547,110,1,3,0,5782352
2546,395,2,9,0,5679666
2513,49,1,0,0,451671
2512,156,1,8,0,5915759
5558,268,1,0,0,21
5557,123,1,0,0,21
2474,126,3,2,0,3075645
2473,13,1,0,0,464838
2472,140,1,7,0,529378
2471,687,2,27,0,5659687
5540,1598,1,0,0,0
2466,45,1,2,0,486270
2465,848,3,27,1,4263616
2464,58,3,3,0,2065408
2463,68,3,3,0,2065408
2462,140,2,6,0,2074014
5529,2,1,0,0,967989
2457,429,1,0,0,399704
2456,210,4,3,2,2849118
2455,113,3,2,1,1914355
2454,93,3,0,2,4599116
2453,180,1,3,0,645898
2448,43,1,0,0,482142
5517,232,1,0,0,967989
2446,122,2,0,1,3046616
5516,259,1,0,0,967989
5515,547,2,1,0,925686
5514,92,1,0,0,967989
5513,87,1,0,0,967989
5511,83,1,0,0,967989
5510,67,1,0,0,967989
5509,37,1,0,0,967989
5500,241,1,0,0,967989
5499,91,1,0,0,967989
5498,167,1,1,0,967989
5497,40,1,0,0,967989
5496,49,1,0,0,967989
5495,391,1,1,0,967989
5494,474,1,0,0,42263
5492,42,1,0,0,967989
5491,81,1,0,0,967989
5489,194,1,0,0,967989
5488,291,1,1,0,967989
5487,31,1,0,0,967989
5486,261,1,0,0,967989
5485,38,1,0,0,967989
5484,59,1,0,0,967989
5483,158,1,0,0,967989
5482,232,1,0,0,967989
5481,49,1,0,0,967989
5480,153,1,0,0,967989
5479,814,2,1,0,823926
5478,68,1,0,0,967989
5477,70,1,0,0,967989
5476,67,1,0,0,967989
5475,277,1,0,0,967989
5474,57,1,0,0,967989
5473,663,2,0,0,925726
5472,89,1,0,0,967989
5471,240,1,0,0,967989
5470,192,1,0,0,967989
5469,154,1,0,0,967989
5468,168,1,0,0,967989
5466,38,1,0,0,967989
5465,61,1,0,0,967989
5464,59,1,0,0,967989
5461,74,1,0,0,967989
5460,505,1,0,0,33776
5459,1512,2,1,0,418981
5458,658,1,0,0,0
5457,129,1,0,0,967989
5456,37,1,0,0,967989
5455,100,1,0,0,967989
5454,56,1,0,0,967989
5453,6794,2,4,0,925806
5452,240,1,1,0,967989
5451,40,1,0,0,967989
5450,656,2,0,0,925686
5449,36,1,0,0,967989
5448,83,1,0,0,967989
5447,432,2,0,0,967949
5446,767,1,0,0,0
5445,33,1,0,0,967989
5444,139,1,0,0,967989
5443,376,1,1,0,967989
5442,158,1,0,0,967989
5441,486,1,0,0,42219
5440,31,1,0,0,967989
5439,197,1,1,0,967989
5438,33,1,0,0,967989
5437,58,1,0,0,967989
5436,508,2,1,0,967989
5435,50,1,0,0,967989
5434,290,1,0,0,967967
5433,26,1,0,0,967989
5432,1145,2,0,1,653689
5431,78,1,0,0,967989
5430,534,2,0,0,924237
5429,186,1,0,0,967989
5428,95,1,0,0,967989
5427,541,2,0,1,925770
5426,996,1,0,0,0
2355,186,3,4,0,5341060
5425,79,1,0,0,967989
5424,420,1,0,0,42303
5423,35,1,0,0,967989
5422,872,1,0,0,0
5421,438,1,0,0,42263
5420,118,1,0,0,967989
5419,213,1,0,0,967989
2348,129,4,2,0,2934454
5418,167,1,0,0,967989
5416,775,1,0,0,0
5415,1035,2,0,0,823926
5414,58,1,0,0,967989
5413,164,1,0,0,967989
5412,67,1,0,0,967989
5411,81,1,0,0,967989
5410,379,1,0,0,42303
5409,402,1,0,0,42303
5408,269,1,0,0,967989
5407,247,1,0,0,967989
5406,68,1,0,0,967989
5405,681,2,0,0,68945
5404,140,1,0,0,967989
2333,349,2,8,1,5543353
5403,851,2,0,0,925803
2332,872,1,60,0,6136334
2331,418,2,21,0,6121486
5401,8,1,0,0,967989
2330,86,1,1,0,560077
2329,524,2,18,0,2350988
5399,143,1,0,0,967989
5398,73,1,0,0,967989
2327,298,1,0,0,554065
5397,1207,2,0,1,787188
5396,496,1,0,0,42186
2325,63,1,1,0,709601
5395,1452,2,0,0,925686
2324,131,2,2,1,4050784
5394,249,1,0,0,967989
5393,34,1,0,0,967989
5392,1127,2,0,1,59735
5391,266,1,0,0,967989
5390,320,1,1,0,967989
5389,239,1,0,0,967989
5388,37,1,0,0,967989
5387,56,1,0,0,967989
5386,112,1,0,0,967989
5385,142,1,0,0,967989
5384,81,1,0,0,967989
2313,236,2,6,1,6100721
5383,196,1,1,0,967989
2312,97,3,0,1,1997622
5382,337,1,1,0,967989
5381,116,1,0,0,967989
5380,6,1,0,0,967989
5379,12,1,0,0,967989
5377,178,1,1,0,967989
5376,49,1,0,0,967989
2304,137,2,6,0,5115181
5374,211,1,0,0,967989
5373,113,1,0,0,967989
5372,412,1,1,0,967989
5371,40,1,0,0,967989
5369,478,1,0,0,967989
5368,219,1,0,0,967989
5367,401,1,0,0,42303
2296,112,1,9,0,2422748
5366,277,1,0,0,967989
5365,662,2,0,0,925726
5364,142,1,0,0,967989
5363,155,1,0,0,967989
2292,57,2,0,0,803075
5362,206,1,0,0,967989
2291,706,1,31,0,6219910
5361,1439,2,2,0,925726
2290,89,1,0,0,517743
5360,31,1,0,0,967989
2289,70,2,0,0,1149232
5359,1426,2,2,0,925726
2288,97,3,2,1,5427885
5358,39,1,0,0,967989
2285,109,1,0,0,507580
5355,15,1,0,0,967989
2284,111,2,0,0,716340
5354,324,1,0,0,967989
5353,771,2,0,0,925686
2282,89,3,2,0,1833636
5352,501,1,0,0,42182
2281,246,2,7,0,3719256
5351,304,1,2,0,967989
2280,386,2,29,1,4416920
5350,587,1,0,0,0
5349,741,2,1,0,925686
2278,202,1,0,0,500199
5348,205,1,0,0,967989
2277,924,1,14,0,923701
5347,124,1,0,0,967989
2276,268,3,6,1,5623509
5346,124,1,0,0,967989
2275,126,2,5,1,2474692
5345,403,1,0,0,42303
2274,136,3,3,1,3870058
5344,150,1,0,0,967989
2273,35,1,0,0,474516
5343,24,1,1,0,967989
2272,154,1,4,0,6256868
5342,26,1,1,0,967989
2271,99,4,2,1,3304037
5341,395,1,0,0,42303
2270,57,3,0,0,2398655
5340,110,1,0,0,967989
5339,279,1,0,0,967989
5338,131,1,0,0,967989
5337,186,1,0,0,967989
5336,532,2,0,0,925726
5335,425,1,0,0,42263
5334,77,1,0,0,967989
5333,358,1,0,0,61038
2262,407,3,3,1,3957297
5332,172,1,0,0,967989
2261,94,3,3,2,5674755
5331,63,1,0,0,967989
5330,408,2,0,1,104748
2259,11,2,0,0,3614029
5329,295,1,0,0,908253
5328,504,2,1,0,952147
2257,953,1,35,0,6275795
2256,217,2,10,1,6275795
5326,108,1,0,0,967989
5325,62,1,0,0,967989
5324,48,1,0,0,967989
5323,42,1,0,0,967989
5322,61,1,0,0,967989
5321,62,1,0,0,967989
5320,52,1,0,0,967989
5319,67,1,0,0,967989
2248,337,2,10,0,5988054
5318,192,1,0,0,967989
2247,71,2,0,0,531149
5317,44,1,0,0,967989
5316,42,1,0,0,967989
5315,74,1,0,0,967989
5314,101,1,0,0,967989
5313,69,1,0,0,967989
2242,295,1,7,0,6297293
5312,108,1,0,0,967989
5311,147,1,0,0,967989
5310,66,1,0,0,967989
5308,162,1,0,0,967989
5307,191,1,0,0,967989
5306,137,1,0,0,967989
5305,152,1,0,0,967989
5304,65,1,0,0,967989
5303,184,1,0,0,967989
5302,99,1,0,0,967989
5301,96,1,0,0,967989
5300,214,1,0,0,967989
5299,189,1,0,0,967989
5298,212,1,0,0,967989
5297,52,1,0,0,967989
5296,177,1,0,0,967989
5295,5,1,0,0,967989
5291,4712,2,3,1,934262
5289,101,1,0,0,967989
5288,512,2,1,1,925770
5287,56,1,0,0,967989
5286,493,2,0,1,899302
5285,1332,2,0,0,925686
5284,104,1,0,0,967989
5283,110,1,0,0,967989
5282,92,1,0,0,967989
5281,92,1,0,0,967989
5280,647,2,1,0,924237
5279,174,1,0,0,967989
5278,266,1,0,0,967989
5277,186,1,0,0,967989
5276,164,1,0,0,967989
5275,45,1,0,0,967989
5274,67,1,0,0,967989
5273,294,1,0,0,967967
5272,85,1,0,0,967989
5271,227,1,0,0,967989
5269,369,1,0,0,43751
5268,31,1,0,0,967989
5267,43,1,0,0,967989
5266,428,1,0,0,42263
5264,79,1,0,0,967989
5263,162,1,0,0,967989
5262,91,1,0,0,967989
5261,90,1,0,0,967989
5260,49,1,0,0,967989
5259,246,1,0,0,967989
5258,230,1,0,0,967989
5257,242,1,1,0,967989
5256,168,1,0,0,967989
2129,4381,2,1,1,1761929
2128,243,1,0,0,334330
2127,84,1,0,0,365898
2126,191,1,0,0,364592
2125,64,1,0,0,373042
2087,101,3,0,0,3872151
2075,198,3,1,0,5956695
2074,133,3,0,0,3342810
2073,90,2,0,0,1172232
2072,335,3,0,1,4910747
2071,158,2,0,0,1155845
2070,122,3,0,0,3443638
2069,223,3,0,0,3411996
2068,51,2,0,0,807590
2067,87,2,0,0,760546
2066,41,1,0,0,385829
2065,966,3,0,1,6124751
2064,1098,4,0,1,5328840
2063,87,4,0,0,5605032
2062,2109,3,0,1,4680610
2061,275,3,0,0,1362367
2060,5815,3,0,0,5844305
2059,303,3,0,0,5140268
2058,81,1,0,0,372894
2057,1703,3,5,0,5913643
2056,64,2,0,1,3164894
2055,1068,4,0,0,5207780
2054,269,2,0,0,2056989
2053,236,2,0,0,2118895
2052,123,2,0,0,828218
2051,46,1,0,0,385829
2050,1233,3,2,0,5240954
2049,172,3,1,0,2964293
2048,53,3,0,1,4323368
2047,106,2,0,0,1165236
2046,38,2,0,0,807590
2045,141,4,0,0,4352012
2044,150,4,0,0,3905878
2043,428,3,0,1,5429851
2042,649,3,1,0,5873603
2041,191,2,0,0,2200122
2040,99,1,0,0,365898
2039,96,2,0,0,1742885
2038,133,3,0,0,1440116
2037,106,2,0,0,1843599
2036,218,2,0,0,1669116
2035,190,4,0,0,5287646
2034,55,2,0,0,793344
2033,60,1,0,0,382992
2032,135,2,0,0,1250246
2031,49,1,0,0,385829
2030,52,1,0,0,385829
2029,65,2,0,0,1872968
2028,54,2,0,0,796012
2027,43,2,0,0,1534184
2026,304,3,0,0,5196329
2025,117,2,0,0,1172380
2024,102,3,0,0,5391468
2023,179,2,0,0,1741604
2022,139,3,0,0,5179956
2021,0,2,0,0,1813867
2020,0,2,0,0,1307340
2019,80,2,0,0,1870131
2018,78,2,0,0,767542
2017,114,2,0,0,1772871
2016,73,2,0,0,1860181
2015,143,3,0,0,1610372
2014,72,3,0,0,5138888
2013,148,3,0,0,2221734
2012,227,3,0,0,4766715
2011,184,3,0,0,1930189
2010,147,3,0,0,4874773
2009,148,2,0,0,1763695
2008,73,2,0,0,1185391
2007,106,2,0,0,1804151
2006,312,2,0,0,2056989
2005,520,1,0,0,290742
2001,35,1,0,0,385830
2000,311,4,8,3,5479094
1999,98,4,5,1,4689054
1998,60,3,3,1,3558265
1997,668,4,6,0,6263121
1996,167,3,10,0,5069667
1941,65,1,0,0,39103
1940,97,1,0,0,20369
1939,264,2,0,0,571475
1938,1504,2,62,0,6262798
1937,45,2,0,0,713024
1936,767,2,14,0,6232564
1935,33,2,0,0,3687540
1934,122,2,2,0,689696
1933,483,2,206,0,6306054
1932,1141,2,32,1,6271047
5001,180,1,0,0,967989
1930,775,3,20,1,5141864
5000,40,1,0,0,967989
1929,1036,2,43,0,6281490
4999,688,2,1,0,652155
1928,164,4,3,3,4042898
4998,488,2,1,0,967912
1927,81,4,1,1,2216720
4997,300,1,0,0,905543
1926,379,3,11,1,5264343
4996,391,1,2,0,967989
1925,232,2,0,1,757047
4995,33,1,0,0,967989
1924,402,2,13,0,5966433
4994,243,1,0,0,967989
1923,247,4,3,2,4935286
1922,143,4,7,0,5478371
4992,113,1,1,0,967989
1921,73,4,0,1,2879382
4991,135,1,0,0,967989
1920,1207,2,38,0,6297293
4990,41,1,0,0,967989
1919,496,2,15,1,6242638
4989,196,1,0,0,967989
1918,1453,2,51,0,6262798
1917,138,3,10,0,1714340
4987,127,1,0,0,967989
1916,1126,2,33,0,6297293
4986,47,1,0,0,967989
1915,266,4,7,1,5729325
4985,41,1,0,0,967989
1914,316,3,18,0,6247028
4984,168,1,0,0,967989
1913,142,4,3,0,4545412
4983,43,1,0,0,967989
1912,81,2,1,0,1676982
4982,151,1,0,0,967989
1911,99,2,0,0,1936556
4981,115,1,0,0,967989
1910,195,3,2,1,5793325
4980,120,1,0,0,967989
1909,337,3,12,1,6225162
4979,115,1,0,0,967989
1908,117,3,1,0,4539488
4978,90,1,0,0,967989
4977,253,1,0,0,967989
1906,12,3,0,1,3822425
4976,115,1,0,0,967989
1905,153,5,2,2,2071635
4975,156,1,0,0,967989
1904,49,2,0,0,3767158
4974,107,1,0,0,967989
1903,40,2,0,0,1001652
4973,89,1,0,0,967989
1902,483,2,16,0,6036927
4972,358,1,0,0,967989
1901,219,4,5,2,4806127
4971,89,1,0,0,967989
1900,401,2,19,0,6258297
4970,153,1,0,0,967989
1899,277,3,1,1,4658571
4969,154,1,0,0,967989
1898,152,1,1,0,980229
1897,669,3,16,1,5695545
4967,642,1,0,0,0
1896,420,2,6,0,744308
4966,122,1,0,0,967989
4965,168,1,0,0,967989
4964,134,1,0,0,967989
4963,311,2,0,1,669698
4962,236,1,0,0,967989
4961,524,2,0,0,823926
1890,775,3,6,1,6146411
4960,276,1,1,0,967989
1889,501,2,11,0,6305886
4959,142,1,0,0,967989
1888,304,2,6,1,6300409
4958,184,1,0,0,967989
1887,743,3,15,0,6134461
4957,156,1,0,0,967989
1886,124,5,3,0,6165971
4956,452,1,0,0,42263
1885,320,2,4,0,819057
4955,455,1,0,0,42263
1884,194,2,0,1,924158
4954,154,1,0,0,967989
1883,395,4,9,1,5090923
4953,318,1,0,0,967989
1882,279,4,12,1,6268436
4952,952,2,1,0,925726
1881,535,2,16,0,6268577
4951,733,2,1,0,628618
1880,362,2,1,1,857714
4950,59,1,0,0,967989
1879,77,3,5,1,6153049
4949,32,1,0,0,967989
1878,300,2,3,0,850606
4948,302,1,0,0,897217
1877,172,3,3,0,4533450
4947,602,2,0,0,925726
1876,507,4,4,1,5512691
4946,115,1,0,0,967989
1875,101,4,0,1,2154221
4945,382,1,0,0,967989
1874,62,1,1,0,764297
4944,561,2,0,0,941568
1873,42,2,0,0,449103
4943,228,1,0,0,967989
1872,52,3,0,1,2382763
4942,350,1,0,0,967989
1871,42,2,0,0,450163
4941,518,1,0,0,0
1870,44,2,0,0,446116
4940,418,1,0,0,42303
1869,42,2,0,0,447176
4939,205,1,0,0,967989
1868,74,3,0,1,3685467
4938,370,1,0,0,43751
1867,101,3,1,0,4577120
4937,36,1,0,0,967989
1866,100,1,1,0,764297
4936,297,1,0,0,905543
1865,147,4,1,0,2632002
4935,554,2,0,0,925726
4934,385,2,0,0,113075
4933,165,1,0,0,967989
4932,221,1,1,0,967989
4931,312,1,0,0,549008
4930,280,1,0,0,967989
1859,4695,2,197,0,6307541
4929,433,2,1,0,967989
1858,508,4,14,1,6295902
4928,356,1,0,0,967989
1857,1333,2,32,1,6300409
4927,476,1,0,0,42263
1856,104,3,2,1,2677713
4926,1222,2,0,0,925686
1855,649,3,34,1,6177201
4925,236,1,0,0,967989
1854,174,4,9,0,5899041
4924,212,1,1,0,967989
1853,266,4,7,2,4873985
4923,114,1,0,0,967989
1852,464,2,45,0,6288632
4922,176,1,0,0,967989
1851,183,3,0,0,1231542
4921,31,1,0,0,967989
1850,642,3,4,1,4378891
4920,282,1,0,0,967989
1849,167,4,3,1,4356199
4919,22,1,0,0,967989
1848,523,2,34,0,6299062
4918,26,1,0,0,967989
1847,210,3,5,1,6009748
4917,1039,2,0,0,925726
1846,184,4,0,0,2880192
4916,765,2,0,0,925803
1845,191,2,11,1,5276661
4915,592,1,0,0,0
1844,79,2,1,0,725437
4914,36,1,1,0,967989
1843,201,2,2,1,761799
4913,19,1,0,0,967989
1842,729,2,19,0,6297293
4912,317,1,0,0,381003
1841,80,2,0,1,626304
4911,462,1,0,0,42263
1840,184,3,5,0,4329592
4910,244,1,0,0,967989
1839,101,4,1,1,3425600
4909,41,1,0,0,967989
1838,572,2,17,0,6017790
4908,245,1,0,0,967989
1837,397,3,28,1,6273271
4907,522,2,0,1,360736
1836,350,4,3,2,5222381
4906,501,2,0,1,959496
1835,518,3,10,0,6174428
4905,132,1,0,0,967989
1834,217,4,4,0,3902714
4904,259,1,0,0,967989
1833,418,3,8,0,5917539
4903,439,1,1,0,967989
1832,297,3,10,1,6160779
4902,138,1,0,0,967989
1831,705,2,6,0,866617
4901,48,1,0,0,967989
1830,558,3,15,1,6264108
4900,137,1,0,0,967989
1829,165,4,3,0,4894227
4899,127,1,0,0,967989
1828,214,4,5,2,5384909
4898,547,2,0,0,925726
1827,189,4,4,1,3807340
4897,340,1,0,0,144063
1826,184,4,1,0,2738399
4896,332,1,0,0,315833
1825,211,2,4,0,1107291
4895,232,1,0,0,967989
1824,114,4,0,2,4111894
1823,176,5,0,1,3220844
4893,11,1,0,0,967989
1822,768,2,56,0,6288632
1821,36,4,2,0,3894358
1820,60,1,1,0,520832
4890,78,1,0,0,967989
1819,244,2,22,0,6288632
4889,43,1,0,0,967989
1818,177,3,7,0,4667341
4888,62,1,0,0,967989
1817,507,3,25,0,6183314
4887,43,1,0,0,967989
1816,262,4,10,1,5579805
4886,99,1,0,0,967989
1815,126,4,3,0,4956702
4885,36,1,0,0,967989
1814,138,3,13,0,6115442
4884,61,1,0,0,967989
1813,48,5,2,2,3049588
4883,58,1,0,0,967989
1812,127,4,0,0,2960814
4882,35,1,0,0,967989
1811,332,4,11,2,5786479
4881,10,1,0,0,967989
1810,232,4,0,0,3030677
4879,424,2,0,0,225624
4878,66,1,0,0,967989
4877,48,1,0,0,967989
1806,10,2,0,1,399380
4876,385,2,0,0,775974
1805,641,2,31,0,6281490
1804,2234,2,94,0,6297293
4874,146,1,0,0,967989
1803,301,3,12,0,6023851
4873,7,1,0,0,967989
1802,790,3,43,1,6252882
4872,252,1,0,0,967989
1801,353,2,19,0,6238106
4871,391,2,0,0,966540
1800,48,2,1,0,1130423
4870,124,1,0,0,967989
1799,343,2,11,0,2443012
4869,464,1,0,0,42263
4868,122,1,0,0,967989
1796,16,3,0,1,717638
4866,706,1,0,0,0
1795,2336,2,116,0,6297293
4865,223,1,0,0,967989
1794,1044,2,26,1,6300409
4864,386,1,1,0,967989
1793,856,2,18,0,6133369
4863,271,1,0,0,967989
1792,62,2,2,1,1179635
4862,2990,2,1,0,925726
1791,203,3,3,0,4468326
4861,136,1,0,0,967989
1790,99,3,3,1,4447548
4860,48,1,0,0,967989
1789,536,3,20,0,4894965
4859,154,1,0,0,967989
1788,1580,2,80,0,6304934
4858,99,1,0,0,967989
1787,126,3,5,0,1546579
4857,57,1,0,0,967989
1786,1161,2,21,0,6281490
4856,69,1,0,0,967989
1785,530,2,16,1,6300409
4855,246,1,0,0,967989
1784,2238,2,66,0,6299062
4854,72,1,0,0,967989
1783,385,3,18,1,5567247
4853,113,1,0,0,967989
1782,842,3,11,0,5937568
4852,150,1,0,0,967989
1781,1314,2,52,0,6297293
4851,139,1,0,0,967989
1780,472,3,5,1,3785372
4850,64,1,0,0,967989
1779,215,3,9,0,5149714
1778,58,2,1,0,895916
4848,693,1,0,0,0
1777,99,4,2,0,4436193
4847,279,1,0,0,967989
1776,56,3,1,1,3330925
4846,256,1,0,0,967989
1775,485,2,13,0,6297293
4845,60,1,0,0,967989
1774,2219,2,156,0,6297293
4844,273,1,0,0,967989
1773,206,2,4,0,4910751
4843,1766,1,0,0,0
1772,542,3,22,0,6282588
4842,287,1,0,0,967989
1771,110,4,6,2,5469976
4841,950,1,0,0,0
1770,197,3,2,0,4756660
4840,126,1,0,0,967989
1769,395,2,6,1,6300409
4839,281,1,0,0,967989
1768,594,4,8,0,5785947
4795,101,1,0,0,967989
4783,75,1,0,0,967989
4782,86,1,0,0,967989
4781,91,1,0,0,967989
4780,38,1,0,0,967989
4779,575,1,0,0,0
4778,887,1,0,0,0
4777,196,1,0,0,967989
4774,198,1,0,0,967989
4773,116,1,0,0,967989
4772,72,1,0,0,967989
4771,92,1,0,0,967989
4770,530,1,0,0,0
4769,133,1,0,0,967989
4768,90,1,0,0,967989
4767,335,1,0,0,314300
4766,158,1,0,0,967989
4765,122,1,0,0,967989
4764,223,1,0,0,967989
4763,51,1,0,0,967989
4762,215,1,0,0,967989
4761,87,1,0,0,967989
4760,41,1,0,0,967989
4758,966,1,0,0,0
4757,1098,1,0,0,0
4756,87,1,0,0,967989
4755,2107,1,0,0,0
4754,275,1,0,0,967989
4753,5815,1,0,0,0
4752,303,1,0,0,622476
4751,81,1,0,0,967989
4750,1703,1,0,0,0
4749,64,1,0,0,967989
4748,1065,1,0,0,0
4747,89,1,0,0,967989
4746,268,1,0,0,967989
4745,547,1,0,0,0
4744,234,1,0,0,967989
4743,123,1,0,0,967989
4742,46,1,0,0,967989
4741,1232,1,0,0,0
4740,233,1,0,0,967989
4739,172,1,0,0,967989
4738,106,1,0,0,967989
4737,53,1,0,0,967989
4736,106,1,0,0,967989
4735,201,1,0,0,967989
4734,38,1,0,0,967989
4732,52,1,0,0,967989
4731,1138,1,0,0,0
4730,316,1,0,0,381003
4729,54,1,0,0,967989
4728,141,1,0,0,967989
4727,150,1,0,0,967989
4726,428,1,0,0,42263
4725,57,1,0,0,967989
4724,649,1,0,0,0
1652,100,4,0,1,1864557
4722,191,1,0,0,967989
1651,33,2,0,0,609527
4721,99,1,0,0,967989
1650,34,4,0,1,1597172
4720,96,1,0,0,967989
1649,127,3,0,0,1167176
4719,133,1,0,0,967989
1648,56,1,0,0,46204
4718,106,1,0,0,967989
1647,30,3,0,0,1200267
4717,218,1,0,0,967989
4716,190,1,0,0,967989
1645,244,3,5,1,6060280
4715,55,1,0,0,967989
4714,60,1,0,0,967989
4713,135,1,0,0,967989
4712,49,1,0,0,967989
1641,99,2,0,0,1123078
4711,52,1,0,0,967989
4710,65,1,0,0,967989
4709,54,1,0,0,967989
4708,43,1,0,0,967989
4707,303,1,0,0,784628
4706,117,1,0,0,967989
1635,107,1,0,0,20369
4705,54,1,0,0,967989
1634,96,1,0,0,20369
4704,102,1,0,0,967989
4703,179,1,0,0,967989
4702,139,1,0,0,967989
4701,80,1,0,0,967989
4700,78,1,0,0,967989
1629,19,2,1,0,1535442
4699,114,1,0,0,967989
1628,19,2,0,0,242036
4698,73,1,0,0,967989
1627,74,2,11,0,2520887
4697,13,1,0,0,967989
4696,143,1,0,0,967989
4695,106,1,0,0,967989
4694,104,1,0,0,967989
4693,72,1,0,0,967989
4692,148,1,0,0,967989
4691,227,1,0,0,967989
4690,184,1,0,0,967989
4689,147,1,0,0,967989
4688,148,1,0,0,967989
4687,73,1,0,0,967989
4686,106,1,0,0,967989
4685,312,1,0,0,381003
1614,784,4,4,0,4399486
1613,30,3,0,0,2609952
4683,287,1,0,0,967989
1612,376,2,13,0,6151978
4682,640,2,0,0,925686
1611,91,2,1,0,305245
4681,473,2,0,1,899346
1610,132,4,2,1,3710916
4680,665,2,0,0,925686
1609,163,4,5,0,4679713
4679,2228,2,0,0,925686
1608,44,3,0,0,2605536
4678,131,1,0,0,967989
1607,138,3,1,0,2618291
4677,97,1,0,0,967989
1606,85,1,0,0,28884
4676,110,1,0,0,967989
1605,69,1,0,0,37955
4675,301,1,0,0,899044
1604,207,1,0,0,0
4674,100,1,0,0,967989
1603,50,1,0,0,47718
4673,790,1,0,0,0
1602,125,1,0,0,11709
4672,48,1,0,0,967989
1601,112,1,0,0,20369
4671,349,1,0,0,967989
1600,67,2,0,0,572887
4670,110,1,0,0,967989
1599,35,1,0,0,52134
1598,55,1,0,0,46204
1597,70,1,0,0,37955
4667,16,1,0,0,967989
1596,51,1,0,0,46204
4666,2347,2,0,0,925686
1595,53,1,0,0,46204
4665,1044,1,0,0,0
1594,68,2,0,0,555698
4664,341,1,0,0,144063
1593,502,2,0,0,683216
4663,193,1,0,0,967989
1592,115,2,0,0,538112
4662,94,1,0,0,967989
1591,244,3,0,0,1165956
4661,419,2,0,1,387816
1590,117,1,0,0,20369
4660,161,1,0,0,967989
1589,121,1,0,0,18571
4659,31,1,0,0,967989
1588,164,1,0,0,8593
4658,854,2,0,0,924237
1587,1356,2,0,0,683216
4657,33,1,0,0,967989
4656,252,1,1,0,967989
1585,43,1,0,0,47718
4655,2029,2,0,0,925726
1584,45,1,0,0,47718
4654,379,1,0,0,43751
1583,142,1,0,0,11709
4653,62,1,0,0,967989
1582,130,1,0,0,11709
4652,203,1,0,0,967989
1581,43,1,0,0,47718
4651,348,1,0,0,967989
1580,65,2,0,0,570380
4650,99,1,0,0,967989
4649,548,2,0,0,925726
4648,1638,2,1,0,906951
4647,126,1,0,0,967989
4646,1156,2,0,1,925770
4645,36,1,0,0,967989
4644,198,1,0,0,967989
4643,152,1,0,0,967989
4642,225,1,0,0,967989
4641,206,1,0,0,967989
4640,481,2,1,0,967989
4639,181,1,0,0,967989
4638,105,1,0,0,967989
4637,526,2,0,0,924237
4636,40,1,0,0,967989
4635,2305,2,4,0,934213
4634,369,1,1,0,967989
4633,842,1,0,0,0
4632,1314,2,1,0,925726
4631,472,1,0,0,42263
4630,215,1,0,0,967989
4629,58,1,0,0,967989
4628,99,1,0,0,967989
4627,56,1,0,0,967989
4626,176,1,0,0,967989
4625,485,1,0,0,42219
4624,2215,2,0,0,925726
4623,336,1,0,0,235766
4622,206,1,0,0,967989
4621,542,1,0,0,0
4620,109,1,0,0,967989
4619,337,1,0,0,144063
4618,197,1,0,0,967989
4617,69,1,0,0,967989
4616,395,1,0,0,42303
4615,594,1,0,0,0
4614,220,1,0,0,967989
4613,545,2,0,0,629249
4612,80,1,0,0,967989
4611,1545,2,0,0,586986
4610,87,1,0,0,967989
4609,231,1,0,0,967989
4608,462,2,0,0,767787
1534,17,1,0,0,52134
1528,1,1,0,0,2679292
1522,2,1,0,0,2679292
1510,204,1,0,0,1961416
1509,442,1,0,0,1961416
1508,64,1,0,0,2021548
1507,1480,1,0,0,1960161
1506,71,1,0,0,2021548
1505,188,1,0,0,1961416
1504,337,1,0,0,1961416
1499,9,1,0,0,2252321
1497,6,1,0,0,2480779
1496,9,1,0,0,2252321
1495,4,1,0,0,2675256
1494,7,1,0,0,2315023
1492,5,1,0,0,2603064
1491,8,1,0,0,2252321
1490,7,1,0,0,2273603
1489,5,1,0,0,2675256
1488,5,1,0,0,2662534
1487,6,1,0,0,2554615
1486,5,1,0,0,2662534
1485,5,1,0,0,2662534
1484,7,1,0,0,2466302
1483,8,1,0,0,2263046
1482,5,1,0,0,2662517
1480,7,1,0,0,2400706
1479,9,1,0,0,2252321
1478,5,1,0,0,2633437
1477,8,1,0,0,2262429
1476,10,1,0,0,2169805
1475,15,1,0,0,2051439
1474,11,1,0,0,2169805
1473,8,1,0,0,2252321
1464,348,1,0,0,1961416
1463,76,1,0,0,2021548
1461,155,1,0,0,1981636
1460,167,1,0,0,1980293
1459,355,1,0,0,1961416
1458,62,1,0,0,2021548
1457,468,1,0,0,1961416
1447,33,1,0,0,1901005
1444,256,1,0,0,1363125
1443,153,1,0,0,1587395
1442,15,1,0,0,1933186
1441,81,1,0,0,1175214
1440,111,1,0,0,996636
1439,119,1,3,0,942632
1434,106,1,1,0,826027
1432,29,1,0,0,666907
1425,146,1,0,0,660291
1423,40,1,1,0,1184517
1422,115,1,0,0,658808
1421,411,1,0,0,625679
1418,99,1,0,0,499899
1417,74,1,0,0,499899
1416,41,1,0,0,513529
1415,259,1,0,0,499899
1414,334,1,0,0,499645
1413,165,1,0,0,499899
1412,134,1,0,0,524209
1411,77,1,0,0,520582
1410,402,1,0,0,520582
1408,176,1,0,0,771925
1407,33,1,0,0,787389
1406,190,1,0,0,765209
1405,57,1,0,0,568923
1404,34,1,0,0,542782
1403,217,1,1,0,896883
1402,53,1,0,0,542362
1401,2544,1,1,0,1787790
1400,136,1,0,0,1043021
1399,124,1,0,0,1043021
1397,39,1,0,0,698322
1394,99,1,3,0,1729298
1393,78,1,4,0,1731568
1392,90,1,1,0,1729298
1391,36,1,1,0,747340
1390,254,1,5,0,2075858
1389,99,1,2,0,1725366
1388,85,1,1,0,1729298
1386,152,1,2,0,1868530
1385,243,1,4,0,2080251
1384,203,1,1,0,2097156
1383,129,1,0,0,2097156
1382,97,1,0,0,2097156
1381,438,1,2,0,2087534
1379,493,1,0,0,1834124
1378,286,1,0,0,767329
1377,505,1,0,0,775658
1376,484,1,0,0,768579
1375,396,1,3,0,1889534
1374,65,1,0,0,768803
1373,347,1,1,0,768803
1372,94,1,2,0,768803
1371,32,1,0,0,778631
1370,87,1,0,0,887092
1369,29,1,0,0,778631
1365,139,1,1,0,2100363
1364,440,1,0,0,2063117
1363,56,1,0,0,961450
1362,203,1,0,0,961450
1361,553,1,1,0,2310400
1360,352,1,1,0,963353
1359,206,1,1,0,964129
1358,61,1,0,0,964464
1357,320,1,4,0,1667740
1356,282,1,0,0,1042138
1355,438,1,4,0,1861831
1354,87,1,0,0,2116427
1353,916,1,0,0,964539
1352,322,1,0,0,964539
1333,71,1,0,0,1031768
1332,57,1,0,0,1031768
4391,10,1,0,0,967989
4390,7,1,0,0,967989
4389,9,1,0,0,967989
4388,9,1,0,0,967989
4387,12,1,0,0,967989
4386,46,1,0,0,967989
1306,193,1,2,0,1185355
1292,693,1,0,0,1148354
1291,279,1,0,0,1148354
1290,256,1,0,0,1148354
1289,60,1,0,0,1163801
1288,273,1,0,0,1148354
1287,1766,1,0,0,1148354
1286,287,1,0,0,1148354
1285,950,1,0,0,1148354
1284,126,1,0,0,1163801
1283,281,1,0,0,1148354
1279,109,1,0,0,897998
1278,447,1,0,0,799250
1277,195,1,0,0,833332
1276,106,1,0,0,897998
1275,1137,1,1,0,1302589
1274,327,1,0,0,812062
1273,54,1,0,0,934808
1272,54,1,0,0,934808
1237,134,1,1,0,1460125
1236,275,1,3,0,3055823
1235,138,1,0,0,772089
1232,5,1,0,0,811585
1226,76,1,0,0,600648
1225,89,1,0,0,600648
1223,195,1,0,0,597634
1222,88,1,0,0,1135973
1221,64,1,0,0,600648
1220,199,1,0,0,597605
1219,309,1,0,0,597605
1218,52,1,0,0,600648
1217,57,1,0,0,600648
1216,106,1,0,0,597969
1215,104,1,0,0,1135973
1213,239,1,3,0,1595074
1211,209,1,15,0,2116949
1209,598,1,23,0,2776198
1198,262,1,2,0,1637316
1197,55,1,0,0,666746
1196,405,1,11,0,2806403
1194,102,2,0,1,3135050
1191,172,1,0,0,925628
1190,94,1,0,0,464920
1186,72,1,0,0,338784
4256,329,1,0,0,339370
1185,93,1,0,0,699552
4255,517,1,0,0,0
1184,69,2,0,1,1513473
4254,421,1,0,0,42263
1183,211,1,0,0,343191
4253,728,1,0,0,0
1182,52,1,0,0,343191
4252,483,1,0,0,42219
4251,784,1,0,0,0
1180,189,2,0,1,1275850
4250,131,1,0,0,967989
4249,30,1,0,0,967989
4248,376,1,0,0,43751
4247,91,1,0,0,967989
4246,41,1,0,0,967989
1175,169,2,0,0,1818120
4245,146,1,1,0,967989
1174,108,2,0,1,1462729
4244,163,1,0,0,967989
1173,65,1,0,0,271901
4243,44,1,0,0,967989
1172,125,1,3,0,1654439
4242,138,1,0,0,967989
1171,1483,1,28,0,1955437
4241,112,1,0,0,967989
4240,2020,1,0,0,0
1169,8,1,0,0,219887
4239,953,1,0,0,0
1168,324,2,3,1,2761978
4238,84,1,0,0,967989
1167,161,2,0,0,1352244
1166,64,1,0,0,301079
1164,326,1,2,0,1689057
1163,505,1,13,0,1689057
1162,270,1,14,0,1701926
1160,417,1,3,0,1694176
4230,123,1,0,0,967989
1159,41,1,0,0,204461
1157,170,1,24,0,2886955
1153,865,1,65,0,2829561
1152,15,1,0,0,170145
1151,161,2,0,0,1345359
1150,124,2,1,0,1631379
1149,291,2,4,0,1135303
1148,662,1,19,0,2098815
1147,725,1,13,0,2826321
1146,36,2,1,0,1256921
1145,337,1,10,0,2705322
1144,554,1,7,0,1738863
1143,145,2,3,0,1300994
1142,559,1,6,0,1721081
1141,6,1,0,0,181136
1130,329,1,0,0,164069
1129,517,2,0,1,999436
1128,421,1,0,0,162567
1127,728,1,0,0,162567
1126,483,1,0,0,162567
1125,41,1,0,0,174226
1124,112,1,0,0,164069
1123,2020,1,0,0,157069
1122,953,1,0,0,157069
1121,84,1,0,0,174226
1115,116,2,0,0,2188109
1112,334,1,1,0,474998
1106,136,1,1,0,181187
1099,143,1,0,0,189870
1098,63,1,0,0,189870
1082,239,2,0,0,1798211
1081,56,1,0,0,381406
1080,73,1,0,0,280599
1077,111,2,0,1,936482
1076,108,1,0,0,285132
1075,106,1,0,0,285132
1074,172,1,0,0,282677
1073,103,1,1,0,760507
1071,101,2,1,1,1829833
1068,411,1,6,0,2882939
1067,435,1,7,0,3156604
1066,300,2,3,0,1609347
1063,107,1,3,0,2267911
1062,395,1,8,0,2021452
1028,49,1,0,0,451671
1027,163,1,7,0,3020483
4078,354,1,0,0,110905
4077,94,1,0,0,967989
4076,155,1,0,0,967989
4075,167,1,0,0,967989
4074,355,1,0,0,110905
4073,62,1,0,0,967989
4072,468,1,0,0,42263
989,205,2,2,0,1582538
988,13,1,0,0,424253
987,140,1,7,0,527880
986,234,1,10,0,2145221
981,45,1,2,0,486270
980,323,2,7,1,1636899
979,58,2,3,0,1432437
4049,39,1,0,0,20928
978,68,2,3,0,1432106
977,140,1,6,0,1442210
4046,393,1,0,0,31439
972,429,1,0,0,399704
971,193,3,3,2,1989563
970,113,2,2,1,1071231
969,86,2,0,1,1198895
4039,7,1,0,0,188617
968,180,1,3,0,645898
4035,1598,1,0,0,473473
963,43,1,0,0,482142
961,120,1,0,0,628872
4030,474,1,0,0,473473
4003,168,1,1,0,518720
4002,83,1,0,0,522002
4001,37,1,0,0,522002
4000,59,1,0,0,523927
3994,10,1,0,0,672689
3993,46,1,0,0,675111
3986,7,1,0,0,677957
3985,9,1,0,0,677957
3984,9,1,0,0,677957
3983,12,1,0,0,677957
3979,81,1,1,0,744890
3948,52,1,0,0,897633
3947,234,1,1,0,897633
3946,269,1,1,0,897633
3945,546,1,2,0,897633
3944,92,1,0,0,897633
3943,87,1,1,0,897633
3941,66,1,0,0,946544
869,174,2,2,0,1592967
3939,42,1,1,0,949683
3938,67,1,0,0,949683
3936,107,1,0,0,961263
3935,241,1,1,0,968388
3934,91,1,0,0,968388
3933,166,1,0,0,968388
3932,40,1,0,0,968388
861,129,3,2,0,2291223
3931,49,1,0,0,968388
846,363,1,7,0,3038523
845,784,1,55,0,2785648
844,406,1,20,0,2375249
843,86,1,1,0,560077
841,524,2,18,0,2350988
3910,154,1,0,0,1082082
839,298,1,0,0,554065
3908,111,1,1,0,1087382
837,63,1,1,0,709271
3907,196,1,1,0,1087382
836,130,1,1,0,719399
3906,135,1,0,0,1091418
3905,41,1,0,0,1091418
3903,131,1,0,0,1104140
3902,97,1,0,0,1104140
3901,100,1,0,0,1104140
3900,59,1,0,0,1104157
3899,63,1,1,0,1133237
3898,163,1,2,0,1163610
3896,156,1,1,0,1300373
825,185,1,1,0,2413804
824,97,2,0,1,1997622
3893,341,1,0,0,1365968
816,137,2,5,0,2921789
3882,92,1,0,0,1503628
3881,24,1,0,0,1504245
3879,31,1,0,0,1514353
808,112,1,9,0,2422748
3878,95,1,0,0,1514353
3877,541,1,1,0,1514353
3876,79,1,0,0,1514353
3875,420,1,0,0,1514353
803,57,2,0,0,802854
3873,110,1,0,0,1596869
802,444,1,17,0,2943331
3872,110,1,2,0,1596869
801,89,1,0,0,517743
800,70,1,0,0,517747
799,205,2,2,1,2039986
796,109,1,0,0,487371
795,111,2,0,0,696131
793,89,2,2,0,1202151
792,187,1,4,0,913725
791,362,1,29,0,3654935
3861,31,1,0,0,1715235
789,202,1,0,0,500199
788,924,1,14,0,923701
787,254,2,6,1,2495129
786,126,2,5,1,2474692
785,89,2,2,0,1746936
784,35,1,0,0,474516
783,143,1,3,0,3753112
782,99,3,2,1,2625495
781,56,2,0,0,1720239
3843,261,1,6,0,1745127
772,405,2,2,0,1539644
3842,38,1,1,0,1745127
771,94,2,2,1,2326252
3841,157,1,4,0,1745127
3840,310,1,3,0,1745127
769,10,1,0,0,371256
767,923,1,34,0,4349398
766,186,2,6,1,4382330
3835,154,1,1,0,1785038
3834,35,1,1,0,1786381
3833,78,1,2,0,1805258
3832,43,1,0,0,1805258
3831,62,1,0,0,1805258
3830,43,1,0,0,1805258
3829,99,1,0,0,1805258
758,493,2,9,0,3178212
3828,36,1,0,0,1805258
757,71,2,0,0,531149
3827,61,1,0,0,1805258
3826,58,1,1,0,1805258
3824,249,1,7,0,1806513
3823,385,1,0,0,1833623
752,239,1,5,0,3160398
3822,455,1,1,0,1865690
3818,192,1,1,0,1926396
3813,72,1,0,0,2116643
3799,187,1,0,0,2194164
3798,287,1,2,0,2194164
3787,26,1,0,0,2294481
3784,131,1,0,0,2374853
3772,362,1,4,0,2455509
3763,65,1,0,0,2503756
3760,83,1,1,0,2590620
3759,74,1,1,0,2594280
3758,36,1,5,0,2594280
3757,78,1,0,0,2594280
3756,35,1,4,0,2594280
3755,151,1,2,0,2595671
3754,246,1,2,0,2608895
3752,654,1,9,0,2612994
3751,50,1,0,0,2612994
3750,110,1,3,0,2614740
3748,22,1,0,0,2624626
3747,282,1,4,0,2662448
3746,85,1,0,0,2663433
3745,1058,1,9,0,2668566
3744,13,1,1,0,2672714
3743,26,1,3,0,2672714
3742,222,1,3,0,2673550
3741,59,1,0,0,2697135
3740,31,1,0,0,2723667
3737,4377,1,0,0,2742819
3736,241,1,0,0,2742819
3735,85,1,0,0,2742819
3734,192,1,0,0,2742819
3732,154,1,1,0,2762009
3731,422,1,12,0,2764279
3730,66,1,1,0,2764279
3729,48,1,1,0,2764279
3728,374,1,7,0,2764279
3726,67,1,0,0,2775815
3725,50,1,0,0,2791571
3712,67,1,1,0,2794452
3711,340,1,2,0,2797279
3710,113,1,3,0,2805531
633,35,1,0,0,385829
632,481,2,5,1,2379968
631,226,2,2,1,978616
630,131,2,1,1,1657523
629,515,3,3,0,3656665
627,164,3,6,0,2364600
3659,115,1,0,0,2814441
3658,26,1,1,0,2858036
571,65,1,0,0,160022
570,97,1,0,0,128522
569,264,2,0,0,640829
568,1215,1,45,0,3201330
567,45,1,0,0,715530
566,715,2,9,0,3885723
565,33,1,0,0,272075
564,122,1,2,0,715530
563,6069,1,182,0,4204409
562,873,1,20,0,3640435
559,667,3,11,1,3261742
558,877,1,27,0,4192358
557,164,3,3,2,1877618
556,81,3,1,1,1696083
555,335,2,8,0,2662579
554,232,1,1,0,765640
553,221,2,4,0,3174579
552,246,2,4,0,2522050
550,65,3,4,0,2735551
549,59,2,0,1,2049825
548,1058,1,26,0,3439665
547,426,1,12,0,2919417
546,1324,1,30,0,3439665
545,138,2,10,0,1721759
544,771,1,16,0,3419575
543,216,2,3,0,2493397
542,278,2,7,0,3488252
541,164,3,1,0,1892561
540,66,1,1,0,771468
539,99,2,0,0,1891813
538,141,3,1,1,2702888
537,307,2,9,1,3472604
536,102,3,0,0,1856948
533,11,2,0,1,947538
532,130,3,2,1,1494805
531,34,1,0,0,272075
528,40,1,0,0,385829
527,482,2,11,0,4129691
526,234,1,6,0,2958315
525,347,1,11,0,3503470
524,257,2,2,0,1887584
523,152,1,1,0,980228
522,477,2,10,0,3010275
521,420,2,6,0,793723
514,709,2,4,1,3768479
513,231,1,6,0,3183243
512,417,1,5,0,4114837
511,366,2,3,0,4218182
510,115,3,3,0,2419734
509,320,1,4,0,871191
508,194,2,0,1,992002
507,230,2,4,1,2496617
506,232,3,4,1,3407860
505,416,1,9,0,4114837
504,362,1,2,0,866307
503,390,2,2,1,3980026
502,300,1,3,0,862314
501,158,1,3,0,1082201
500,509,3,4,1,3264414
498,101,3,0,1,1614596
497,62,1,1,0,764296
496,42,2,0,0,627177
495,43,2,0,0,595978
494,42,2,0,0,618776
493,44,2,0,0,588697
492,42,2,0,0,618776
491,55,2,0,0,565129
490,93,3,0,0,2793591
489,100,1,1,0,764296
488,147,2,1,0,2045335
481,3925,1,131,0,3908254
480,478,2,8,0,2548088
479,1112,1,18,0,4268454
478,89,1,3,0,879421
477,578,1,28,0,2548370
476,174,3,9,0,2491799
475,212,2,6,0,2456295
474,414,1,37,0,3439665
472,183,3,0,0,1295087
471,332,3,1,1,1374282
470,166,2,2,0,1938480
469,833,1,24,0,3853492
468,136,2,5,1,2320747
467,184,2,0,0,2199615
466,153,2,4,1,3083268
465,79,1,1,0,726808
464,201,2,2,1,832171
463,695,1,15,0,3395146
462,80,1,1,0,715530
461,204,1,5,0,980228
460,111,2,0,0,928987
459,256,1,10,0,2542327
458,440,2,23,1,3406547
457,334,2,2,1,1981970
456,415,1,9,0,2542327
455,216,2,2,0,2143937
454,422,1,8,0,2548370
453,327,1,7,0,2542327
452,705,1,6,0,868077
451,590,2,11,1,3672776
450,494,2,2,0,2507635
449,209,3,4,2,2214082
448,188,2,4,0,1991613
447,172,3,0,0,1855720
446,211,2,4,0,1179432
445,100,3,0,2,2241895
444,176,3,0,1,2500381
443,1001,1,41,0,4475378
442,36,2,2,0,1008877
441,60,1,1,0,410643
440,428,1,22,0,2919417
439,172,3,6,0,2561050
438,610,2,17,0,2499048
437,243,3,5,1,2003422
436,103,3,0,0,1558290
435,638,2,10,0,3760958
434,50,3,3,1,2368710
433,126,2,0,0,1772709
432,235,2,6,1,2788594
431,231,2,0,0,877540
426,10,2,0,1,619339
425,536,1,21,0,3395090
424,1699,1,59,0,3908254
423,290,1,12,0,2548370
422,562,1,38,0,2548370
421,311,2,14,0,2540920
420,48,2,1,0,1130422
419,343,2,11,0,2509515
415,16,2,1,0,907212
414,1905,1,65,0,3714721
413,828,1,21,0,3891257
412,739,2,11,0,3382374
411,62,2,2,1,1179634
410,199,2,2,0,893019
409,93,3,0,1,1753640
408,285,2,4,0,2136333
407,1972,1,38,0,3908254
406,119,1,2,0,912789
405,1021,1,19,0,3450965
404,439,1,11,0,2929684
403,1555,1,34,0,3636287
402,368,2,10,1,2530895
401,452,2,7,0,2313938
400,963,1,24,0,5631044
399,166,1,1,0,1218204
398,230,2,7,0,2283525
397,58,2,1,0,895915
396,98,3,2,0,1715879
395,56,2,1,0,402909
394,397,1,8,0,3585334
393,1832,1,113,0,3161545
392,181,1,4,0,1803776
391,809,1,18,0,2542327
390,104,3,6,2,2364404
389,184,2,2,0,1976583
388,400,1,6,0,4372354
387,594,3,8,0,2838624
259,100,3,0,1,1938653
258,33,2,0,0,799100
257,34,3,0,1,1658430
256,127,3,0,0,1234034
255,56,1,0,0,165595
254,30,2,0,0,1246943
252,239,3,4,1,4312842
247,99,2,0,0,1224896
240,107,1,0,0,122478
239,96,1,0,0,128522
232,19,2,1,0,1529706
231,19,2,0,0,461995
230,74,1,11,0,2525388
217,594,2,4,0,2033306
216,29,2,0,0,407397
215,353,2,8,0,3338806
214,91,2,1,0,420181
213,109,3,1,1,1390770
212,117,2,3,0,2338069
211,39,2,0,0,342713
210,134,2,1,0,300708
208,85,1,0,0,131403
207,69,1,0,0,160022
206,207,1,0,0,72134
205,50,1,0,0,175632
204,125,1,0,0,98810
203,112,1,0,0,119965
202,67,1,0,0,589882
201,35,1,0,0,250548
200,55,1,0,0,165595
199,70,1,0,0,158484
198,51,1,0,0,175632
197,53,1,0,0,172667
196,68,1,0,0,589882
195,502,2,0,0,745407
194,115,1,0,0,589882
193,244,2,0,0,1193468
192,117,1,0,0,105357
191,121,1,0,0,105357
190,164,1,0,0,82053
189,1356,2,0,0,738487
187,43,1,0,0,204716
186,45,1,0,0,190299
185,142,1,0,0,82081
184,130,1,0,0,98045
183,43,1,0,0,204716
182,65,1,0,0,589882
132,4381,2,1,1,1536301
131,243,1,0,0,70622
130,84,1,0,0,131403
129,191,1,0,0,72138
125,17,1,0,0,272093
124,64,1,0,0,161465
85,102,3,0,0,1325261
72,198,2,0,0,2045856
71,133,2,0,0,689944
70,90,2,0,0,730148
69,339,3,0,0,1724586
68,158,3,0,0,1135240
67,122,2,0,0,803798
66,223,2,0,0,769308
65,51,2,0,0,520458
64,87,2,0,0,468395
63,41,1,0,0,228779
62,966,3,0,1,2827366
61,1068,4,0,1,2445521
60,87,3,0,0,1792397
59,2109,4,0,1,2206740
58,275,3,0,0,1084592
57,5816,3,0,0,1912421
56,304,3,0,0,1360731
55,81,1,0,0,131403
54,1577,1,2,0,2017455
53,67,1,0,0,160022
52,1066,2,0,0,1688151
51,269,3,0,0,1698039
50,236,3,0,0,1732919
49,123,2,0,0,524294
48,46,1,0,0,185864
3118,127,1,3,0,2869336
47,1203,1,2,0,2017455
3117,47,1,1,0,2869336
46,172,3,1,0,1982947
3116,41,1,0,0,2869336
45,54,2,0,0,1101539
3115,43,1,1,0,2869336
44,106,2,0,0,723421
3114,115,1,2,0,2869336
43,38,2,0,0,571628
3113,120,1,2,0,2869336
42,123,3,0,0,861729
3112,113,1,3,0,2869336
41,149,3,0,0,1222735
3111,90,1,0,0,2869336
40,413,4,0,1,2774137
3110,253,1,3,0,2869336
39,634,3,0,0,1923639
3109,115,1,1,0,2869336
38,191,3,0,0,1854042
3108,89,1,1,0,2869336
37,99,1,0,0,125452
3107,89,1,0,0,2869336
36,96,2,0,0,1264495
3106,153,1,1,0,2869336
35,133,2,0,0,993669
34,106,2,0,0,1342138
3104,142,1,2,0,2883849
33,218,2,0,0,1270890
3103,278,1,6,0,2886557
32,185,3,0,0,1682917
3102,294,1,1,0,2889426
31,55,2,0,0,505861
30,60,1,0,0,164009
29,135,2,0,0,819293
28,49,1,0,0,181674
27,52,1,0,0,172667
26,65,2,0,0,1449223
3096,61,1,0,0,2913855
25,54,2,0,0,505861
24,43,2,0,0,1132388
3094,38,1,0,0,2913911
23,273,3,0,0,1905191
3093,59,1,0,0,2913911
22,117,2,0,0,756453
3092,232,1,1,0,2920248
21,101,2,0,0,1911827
20,179,2,0,0,1281002
19,139,2,0,0,925489
3089,340,1,5,0,3001262
18,0,2,0,0,1811096
17,0,2,0,0,1063079
3087,206,1,0,0,3007678
16,80,2,0,0,1398246
3086,336,1,1,0,3007678
15,78,2,0,0,482839
3085,480,1,2,0,3007678
14,114,2,0,0,1326247
3084,181,1,1,0,3007678
13,73,2,0,0,1411073
3083,105,1,0,0,3007678
12,143,3,0,0,1101203
3082,40,1,1,0,3007678
11,70,2,0,0,1321746
3081,193,1,0,0,3070972
10,148,3,0,0,1737808
9,227,2,0,0,1221740
8,184,2,0,0,1451300
7,161,2,0,0,1280237
6,148,2,0,0,1394860
5,73,2,0,0,776280
4,106,2,0,0,1368184
3,312,3,0,0,1888051
2,520,1,0,0,63446
3071,312,1,3,0,3124254
